<?xml version="1.0" encoding="UTF-8"?>
<project-private xmlns="http://www.netbeans.org/ns/project-private/1">
    <editor-bookmarks xmlns="http://www.netbeans.org/ns/editor-bookmarks/2" lastBookmarkId="0"/>
    <open-files xmlns="http://www.netbeans.org/ns/projectui-open-files/2">
        <group>
            <file>file:/D:/cool%20yeah/Java/ProjectBAD/src/projectbad/Rental.java</file>
            <file>file:/D:/cool%20yeah/Java/ProjectBAD/src/projectbad/Payment.java</file>
            <file>file:/D:/cool%20yeah/Java/ProjectBAD/src/projectbad/Config.java</file>
            <file>file:/D:/cool%20yeah/Java/ProjectBAD/src/projectbad/Inventory.java</file>
            <file>file:/D:/cool%20yeah/Java/ProjectBAD/src/projectbad/MovieRentalApplication.java</file>
        </group>
    </open-files>
</project-private>
